<?xml version="1.0" encoding="UTF-8"?>

<BizData xmlns="urn:iso:std:iso:20022:tech:xsd:head.003.001.01">
  <Hdr><AppHdr xsi:schemaLocation="urn:iso:std:iso:20022:tech:xsd:head.001.001.01 head.001.001.01_ESMAUG_1.0.0.xsd" xmlns="urn:iso:std:iso:20022:tech:xsd:head.001.001.01" xmlns:xsi="http://www.w3.org/2001/XMLSchema-instance"><Fr><OrgId><Id><OrgId><Othr><Id>EU</Id></Othr></OrgId></Id></OrgId></Fr><To><OrgId><Id><OrgId><Othr><Id>Public</Id></Othr></OrgId></Id></OrgId></To><BizMsgIdr>DLTINS_20171216_01of02</BizMsgIdr><MsgDefIdr>DRAFT6auth.036.001.01</MsgDefIdr><CreDt>2017-12-16T02:45:48Z</CreDt></AppHdr></Hdr>
  <Pyld>
    <Document>
      <FinInstrmRptgRefDataDltaRpt>
        <RptHdr>
          <RptgNtty><NtlCmptntAuthrty>EU</NtlCmptntAuthrty></RptgNtty>
          <RptgPrd><Dt>2017-12-16</Dt></RptgPrd>
        </RptHdr>
        <FinInstrm><TermntdRcrd><FinInstrmGnlAttrbts><Id>HU0000402821</Id><FullNm>HGB FLOAT 20/12/17</FullNm><ShrtNm>HUNGARY 14-17 FLR</ShrtNm><ClssfctnTp>DBVTFR</ClssfctnTp><NtnlCcy>HUF</NtnlCcy><CmmdtyDerivInd>false</CmmdtyDerivInd></FinInstrmGnlAttrbts><Issr>5299008DH62LEB10JK83</Issr><TradgVnRltdAttrbts><Id>BOND</Id><IssrReq>false</IssrReq><FrstTradDt>2014-04-25T00:00:00</FrstTradDt><TermntnDt>2017-12-14T00:00:00</TermntnDt></TradgVnRltdAttrbts><DebtInstrmAttrbts><TtlIssdNmnlAmt Ccy="HUF">361000000000</TtlIssdNmnlAmt><MtrtyDt>2017-12-20</MtrtyDt><NmnlValPerUnit Ccy="HUF">10000</NmnlValPerUnit><IntrstRate><Fltg><RefRate><ISIN>XC0006169665</ISIN></RefRate><Term><Unit>MNTH</Unit><Val>3</Val></Term><BsisPtSprd>0</BsisPtSprd></Fltg></IntrstRate></DebtInstrmAttrbts><TechAttrbts><RlvntCmptntAuthrty>DE</RlvntCmptntAuthrty><PblctnPrd><FrDtToDt><FrDt>2017-11-25</FrDt><ToDt>2017-12-15</ToDt></FrDtToDt></PblctnPrd></TechAttrbts></TermntdRcrd></FinInstrm>
        <FinInstrm><TermntdRcrd><FinInstrmGnlAttrbts><Id>HU0000521414</Id><FullNm>HTB 0 20/12/17</FullNm><ShrtNm>AKK Zrt./DISC BD 20171220 GTD</ShrtNm><ClssfctnTp>DYZTXR</ClssfctnTp><NtnlCcy>HUF</NtnlCcy><CmmdtyDerivInd>false</CmmdtyDerivInd></FinInstrmGnlAttrbts><Issr>5299008DH62LEB10JK83</Issr><TradgVnRltdAttrbts><Id>BOND</Id><IssrReq>false</IssrReq><FrstTradDt>2017-01-03T00:00:00</FrstTradDt><TermntnDt>2017-12-14T00:00:00</TermntnDt></TradgVnRltdAttrbts><DebtInstrmAttrbts><TtlIssdNmnlAmt Ccy="HUF">219500000000</TtlIssdNmnlAmt><MtrtyDt>2017-12-20</MtrtyDt><NmnlValPerUnit Ccy="HUF">10000</NmnlValPerUnit><IntrstRate><Fxd>0</Fxd></IntrstRate><DebtSnrty>SNDB</DebtSnrty></DebtInstrmAttrbts><TechAttrbts><RlvntCmptntAuthrty>HU</RlvntCmptntAuthrty><PblctnPrd><FrDtToDt><FrDt>2017-11-25</FrDt><ToDt>2017-12-15</ToDt></FrDtToDt></PblctnPrd></TechAttrbts></TermntdRcrd></FinInstrm>
      </FinInstrmRptgRefDataDltaRpt>
    </Document>
  </Pyld>
</BizData>