<?xml version="1.0" encoding="UTF-8"?>

<BizData xmlns="urn:iso:std:iso:20022:tech:xsd:head.003.001.01">
  <Hdr><AppHdr xsi:schemaLocation="urn:iso:std:iso:20022:tech:xsd:head.001.001.01 head.001.001.01_ESMAUG_1.0.0.xsd" xmlns="urn:iso:std:iso:20022:tech:xsd:head.001.001.01" xmlns:xsi="http://www.w3.org/2001/XMLSchema-instance"><Fr><OrgId><Id><OrgId><Othr><Id>EU</Id></Othr></OrgId></Id></OrgId></Fr><To><OrgId><Id><OrgId><Othr><Id>Public</Id></Othr></OrgId></Id></OrgId></To><BizMsgIdr>DLTINS_20171021_01of01</BizMsgIdr><MsgDefIdr>DRAFT6auth.036.001.01</MsgDefIdr><CreDt>2017-10-21T00:43:46Z</CreDt></AppHdr></Hdr>
  <Pyld>
    <Document>
      <FinInstrmRptgRefDataDltaRpt>
        <RptHdr>
          <RptgNtty><NtlCmptntAuthrty>EU</NtlCmptntAuthrty></RptgNtty>
          <RptgPrd><Dt>2017-10-21</Dt></RptgPrd>
        </RptHdr>
        <FinInstrm><TermntdRcrd><FinInstrmGnlAttrbts><Id>HU0000521281</Id><FullNm>HTB 0 25/10/17</FullNm><ShrtNm>AKK Zrt./DISC BD 20171025 GTD</ShrtNm><ClssfctnTp>DYZTXR</ClssfctnTp><NtnlCcy>HUF</NtnlCcy><CmmdtyDerivInd>false</CmmdtyDerivInd></FinInstrmGnlAttrbts><Issr>5299008DH62LEB10JK83</Issr><TradgVnRltdAttrbts><Id>BOND</Id><IssrReq>false</IssrReq><FrstTradDt>2016-11-07T00:00:00</FrstTradDt><TermntnDt>2017-10-19T00:00:00</TermntnDt></TradgVnRltdAttrbts><DebtInstrmAttrbts><TtlIssdNmnlAmt Ccy="HUF">185500000000</TtlIssdNmnlAmt><MtrtyDt>2017-10-25</MtrtyDt><NmnlValPerUnit Ccy="HUF">10000</NmnlValPerUnit><IntrstRate><Fxd>0</Fxd></IntrstRate><DebtSnrty>SNDB</DebtSnrty></DebtInstrmAttrbts><TechAttrbts><RlvntCmptntAuthrty>HU</RlvntCmptntAuthrty><PblctnPrd><FrDtToDt><FrDt>2017-07-27</FrDt><ToDt>2017-10-20</ToDt></FrDtToDt></PblctnPrd></TechAttrbts></TermntdRcrd></FinInstrm>
      </FinInstrmRptgRefDataDltaRpt>
    </Document>
  </Pyld>
</BizData>