<?xml version="1.0" encoding="UTF-8"?>

<BizData xmlns="urn:iso:std:iso:20022:tech:xsd:head.003.001.01">
  <Hdr><AppHdr xsi:schemaLocation="urn:iso:std:iso:20022:tech:xsd:head.001.001.01 head.001.001.01_ESMAUG_1.0.0.xsd" xmlns="urn:iso:std:iso:20022:tech:xsd:head.001.001.01" xmlns:xsi="http://www.w3.org/2001/XMLSchema-instance"><Fr><OrgId><Id><OrgId><Othr><Id>EU</Id></Othr></OrgId></Id></OrgId></Fr><To><OrgId><Id><OrgId><Othr><Id>Public</Id></Othr></OrgId></Id></OrgId></To><BizMsgIdr>DLTINS_20171123_01of01</BizMsgIdr><MsgDefIdr>DRAFT6auth.036.001.01</MsgDefIdr><CreDt>2017-11-23T00:14:17Z</CreDt></AppHdr></Hdr>
  <Pyld>
    <Document>
      <FinInstrmRptgRefDataDltaRpt>
        <RptHdr>
          <RptgNtty><NtlCmptntAuthrty>EU</NtlCmptntAuthrty></RptgNtty>
          <RptgPrd><Dt>2017-11-23</Dt></RptgPrd>
        </RptHdr>
        <FinInstrm><TermntdRcrd><FinInstrmGnlAttrbts><Id>HU0000402037</Id><FullNm>UNGARN                        UF-BONDS 2001(17) SER.17/A</FullNm><ShrtNm>unknown</ShrtNm><ClssfctnTp>DBFTFB</ClssfctnTp><NtnlCcy>HUF</NtnlCcy><CmmdtyDerivInd>false</CmmdtyDerivInd></FinInstrmGnlAttrbts><Issr>5299008DH62LEB10JK83</Issr><TradgVnRltdAttrbts><Id>FRAB</Id><IssrReq>false</IssrReq><ReqForAdmssnDt>2013-04-04T03:40:00</ReqForAdmssnDt><FrstTradDt>2013-04-08T00:00:00</FrstTradDt><TermntnDt>2017-11-21T00:00:00</TermntnDt></TradgVnRltdAttrbts><DebtInstrmAttrbts><TtlIssdNmnlAmt Ccy="HUF">430000000000</TtlIssdNmnlAmt><MtrtyDt>2017-11-24</MtrtyDt><NmnlValPerUnit Ccy="HUF">10000</NmnlValPerUnit><IntrstRate><Fxd>6.75</Fxd></IntrstRate></DebtInstrmAttrbts><TechAttrbts><RlvntCmptntAuthrty>DE</RlvntCmptntAuthrty><PblctnPrd><FrDtToDt><FrDt>2017-11-03</FrDt><ToDt>2017-11-22</ToDt></FrDtToDt></PblctnPrd></TechAttrbts></TermntdRcrd></FinInstrm>
        <FinInstrm><TermntdRcrd><FinInstrmGnlAttrbts><Id>HU0000402037</Id><FullNm>HUNGARY 01-17 17/A</FullNm><ShrtNm>unknown</ShrtNm><ClssfctnTp>DBFTFB</ClssfctnTp><NtnlCcy>HUF</NtnlCcy><CmmdtyDerivInd>false</CmmdtyDerivInd></FinInstrmGnlAttrbts><Issr>5299008DH62LEB10JK83</Issr><TradgVnRltdAttrbts><Id>MUNB</Id><IssrReq>false</IssrReq><FrstTradDt>2013-04-22T00:00:00</FrstTradDt><TermntnDt>2017-11-21T23:59:59</TermntnDt></TradgVnRltdAttrbts><DebtInstrmAttrbts><TtlIssdNmnlAmt Ccy="HUF">430000000000</TtlIssdNmnlAmt><MtrtyDt>2017-11-24</MtrtyDt><NmnlValPerUnit Ccy="HUF">10000</NmnlValPerUnit><IntrstRate><Fxd>6.75</Fxd></IntrstRate></DebtInstrmAttrbts><TechAttrbts><RlvntCmptntAuthrty>DE</RlvntCmptntAuthrty><PblctnPrd><FrDtToDt><FrDt>2017-11-02</FrDt><ToDt>2017-11-22</ToDt></FrDtToDt></PblctnPrd></TechAttrbts></TermntdRcrd></FinInstrm>
        <FinInstrm><TermntdRcrd><FinInstrmGnlAttrbts><Id>HU0000402037</Id><FullNm>HUNGARY 01-17 17/A</FullNm><ShrtNm>unknown</ShrtNm><ClssfctnTp>DBFTFB</ClssfctnTp><NtnlCcy>HUF</NtnlCcy><CmmdtyDerivInd>false</CmmdtyDerivInd></FinInstrmGnlAttrbts><Issr>5299008DH62LEB10JK83</Issr><TradgVnRltdAttrbts><Id>MUND</Id><IssrReq>false</IssrReq><FrstTradDt>2014-07-04T00:00:00</FrstTradDt><TermntnDt>2017-11-21T23:59:59</TermntnDt></TradgVnRltdAttrbts><DebtInstrmAttrbts><TtlIssdNmnlAmt Ccy="HUF">430000000000</TtlIssdNmnlAmt><MtrtyDt>2017-11-24</MtrtyDt><NmnlValPerUnit Ccy="HUF">10000</NmnlValPerUnit><IntrstRate><Fxd>6.75</Fxd></IntrstRate></DebtInstrmAttrbts><TechAttrbts><RlvntCmptntAuthrty>DE</RlvntCmptntAuthrty><PblctnPrd><FrDtToDt><FrDt>2017-11-02</FrDt><ToDt>2017-11-22</ToDt></FrDtToDt></PblctnPrd></TechAttrbts></TermntdRcrd></FinInstrm>
        <FinInstrm><TermntdRcrd><FinInstrmGnlAttrbts><Id>HU0000402037</Id><FullNm>HUF Ungarn 17</FullNm><ShrtNm>unknown</ShrtNm><ClssfctnTp>DBFTFB</ClssfctnTp><NtnlCcy>HUF</NtnlCcy><CmmdtyDerivInd>false</CmmdtyDerivInd></FinInstrmGnlAttrbts><Issr>5299008DH62LEB10JK83</Issr><TradgVnRltdAttrbts><Id>STUB</Id><IssrReq>false</IssrReq><ReqForAdmssnDt>2013-04-09T00:00:00</ReqForAdmssnDt><FrstTradDt>2013-04-09T09:00:00</FrstTradDt><TermntnDt>2017-11-21T21:00:00</TermntnDt></TradgVnRltdAttrbts><DebtInstrmAttrbts><TtlIssdNmnlAmt Ccy="HUF">430000000000</TtlIssdNmnlAmt><MtrtyDt>2017-11-24</MtrtyDt><NmnlValPerUnit Ccy="HUF">10000</NmnlValPerUnit><IntrstRate><Fxd>6.75</Fxd></IntrstRate></DebtInstrmAttrbts><TechAttrbts><RlvntCmptntAuthrty>DE</RlvntCmptntAuthrty><PblctnPrd><FrDtToDt><FrDt>2017-10-13</FrDt><ToDt>2017-11-22</ToDt></FrDtToDt></PblctnPrd></TechAttrbts></TermntdRcrd></FinInstrm>
      </FinInstrmRptgRefDataDltaRpt>
    </Document>
  </Pyld>
</BizData>