<?xml version="1.0" encoding="UTF-8"?>

<BizData xmlns="urn:iso:std:iso:20022:tech:xsd:head.003.001.01">
  <Hdr><AppHdr xsi:schemaLocation="urn:iso:std:iso:20022:tech:xsd:head.001.001.01 head.001.001.01_ESMAUG_1.0.0.xsd" xmlns="urn:iso:std:iso:20022:tech:xsd:head.001.001.01" xmlns:xsi="http://www.w3.org/2001/XMLSchema-instance"><Fr><OrgId><Id><OrgId><Othr><Id>EU</Id></Othr></OrgId></Id></OrgId></Fr><To><OrgId><Id><OrgId><Othr><Id>Public</Id></Othr></OrgId></Id></OrgId></To><BizMsgIdr>DLTINS_20171217_01of01</BizMsgIdr><MsgDefIdr>DRAFT6auth.036.001.01</MsgDefIdr><CreDt>2017-12-16T23:48:17Z</CreDt></AppHdr></Hdr>
  <Pyld>
    <Document>
      <FinInstrmRptgRefDataDltaRpt>
        <RptHdr>
          <RptgNtty><NtlCmptntAuthrty>EU</NtlCmptntAuthrty></RptgNtty>
          <RptgPrd><Dt>2017-12-17</Dt></RptgPrd>
        </RptHdr>
        <FinInstrm><TermntdRcrd><FinInstrmGnlAttrbts><Id>HU0000402821</Id><FullNm>Ungarn                        UF-FLR Notes 2014(17)</FullNm><ShrtNm>HUNGARY 14-17 FLR</ShrtNm><ClssfctnTp>DBVTFR</ClssfctnTp><NtnlCcy>HUF</NtnlCcy><CmmdtyDerivInd>false</CmmdtyDerivInd></FinInstrmGnlAttrbts><Issr>5299008DH62LEB10JK83</Issr><TradgVnRltdAttrbts><Id>FRAB</Id><IssrReq>false</IssrReq><ReqForAdmssnDt>2014-08-15T07:39:00</ReqForAdmssnDt><FrstTradDt>2014-08-18T00:00:00</FrstTradDt><TermntnDt>2017-12-15T00:00:00</TermntnDt></TradgVnRltdAttrbts><DebtInstrmAttrbts><TtlIssdNmnlAmt Ccy="HUF">361000000000</TtlIssdNmnlAmt><MtrtyDt>2017-12-20</MtrtyDt><NmnlValPerUnit Ccy="HUF">10000</NmnlValPerUnit><IntrstRate><Fltg><RefRate><ISIN>XC0006169665</ISIN></RefRate><Term><Unit>MNTH</Unit><Val>3</Val></Term><BsisPtSprd>0</BsisPtSprd></Fltg></IntrstRate></DebtInstrmAttrbts><TechAttrbts><RlvntCmptntAuthrty>DE</RlvntCmptntAuthrty><PblctnPrd><FrDtToDt><FrDt>2017-11-03</FrDt><ToDt>2017-12-16</ToDt></FrDtToDt></PblctnPrd></TechAttrbts></TermntdRcrd></FinInstrm>
        <FinInstrm><TermntdRcrd><FinInstrmGnlAttrbts><Id>HU0000402821</Id><FullNm>HUF Ungarn FLR 17</FullNm><ShrtNm>HUNGARY 14-17 FLR</ShrtNm><ClssfctnTp>DBVTFR</ClssfctnTp><NtnlCcy>HUF</NtnlCcy><CmmdtyDerivInd>false</CmmdtyDerivInd></FinInstrmGnlAttrbts><Issr>5299008DH62LEB10JK83</Issr><TradgVnRltdAttrbts><Id>STUB</Id><IssrReq>false</IssrReq><ReqForAdmssnDt>2017-03-16T14:05:17</ReqForAdmssnDt><FrstTradDt>2017-03-17T09:00:00</FrstTradDt><TermntnDt>2017-12-15T21:00:00</TermntnDt></TradgVnRltdAttrbts><DebtInstrmAttrbts><TtlIssdNmnlAmt Ccy="HUF">361000000000</TtlIssdNmnlAmt><MtrtyDt>2017-12-20</MtrtyDt><NmnlValPerUnit Ccy="HUF">10000</NmnlValPerUnit><IntrstRate><Fltg><RefRate><ISIN>XC0006169665</ISIN></RefRate><Term><Unit>MNTH</Unit><Val>3</Val></Term><BsisPtSprd>0</BsisPtSprd></Fltg></IntrstRate></DebtInstrmAttrbts><TechAttrbts><RlvntCmptntAuthrty>DE</RlvntCmptntAuthrty><PblctnPrd><FrDtToDt><FrDt>2017-11-03</FrDt><ToDt>2017-12-16</ToDt></FrDtToDt></PblctnPrd></TechAttrbts></TermntdRcrd></FinInstrm>
      </FinInstrmRptgRefDataDltaRpt>
    </Document>
  </Pyld>
</BizData>