<?xml version="1.0" encoding="UTF-8"?>

<BizData xmlns="urn:iso:std:iso:20022:tech:xsd:head.003.001.01">
  <Hdr><AppHdr xsi:schemaLocation="urn:iso:std:iso:20022:tech:xsd:head.001.001.01 head.001.001.01_ESMAUG_1.0.0.xsd" xmlns="urn:iso:std:iso:20022:tech:xsd:head.001.001.01" xmlns:xsi="http://www.w3.org/2001/XMLSchema-instance"><Fr><OrgId><Id><OrgId><Othr><Id>EU</Id></Othr></OrgId></Id></OrgId></Fr><To><OrgId><Id><OrgId><Othr><Id>Public</Id></Othr></OrgId></Id></OrgId></To><BizMsgIdr>DLTINS_20171224_01of01</BizMsgIdr><MsgDefIdr>DRAFT6auth.036.001.01</MsgDefIdr><CreDt>2017-12-24T00:00:36Z</CreDt></AppHdr></Hdr>
  <Pyld>
    <Document>
      <FinInstrmRptgRefDataDltaRpt>
        <RptHdr>
          <RptgNtty><NtlCmptntAuthrty>EU</NtlCmptntAuthrty></RptgNtty>
          <RptgPrd><Dt>2017-12-24</Dt></RptgPrd>
        </RptHdr>
        <FinInstrm><TermntdRcrd><FinInstrmGnlAttrbts><Id>HU0000356423</Id><FullNm>EBH20180102</FullNm><ShrtNm>ERSTE BANK H/DISC BD 20180102 UNGTD</ShrtNm><ClssfctnTp>DBZUFR</ClssfctnTp><NtnlCcy>HUF</NtnlCcy><CmmdtyDerivInd>false</CmmdtyDerivInd></FinInstrmGnlAttrbts><Issr>549300XWJHRKLHU2PS28</Issr><TradgVnRltdAttrbts><Id>XBUD</Id><IssrReq>true</IssrReq><ReqForAdmssnDt>2015-06-23T09:00:00</ReqForAdmssnDt><FrstTradDt>2015-06-24T08:30:00</FrstTradDt><TermntnDt>2017-12-22T17:30:00</TermntnDt></TradgVnRltdAttrbts><DebtInstrmAttrbts><TtlIssdNmnlAmt Ccy="HUF">624650000</TtlIssdNmnlAmt><MtrtyDt>2018-01-02</MtrtyDt><NmnlValPerUnit Ccy="HUF">10000</NmnlValPerUnit><IntrstRate><Fxd>0</Fxd></IntrstRate><DebtSnrty>SNDB</DebtSnrty></DebtInstrmAttrbts><TechAttrbts><RlvntCmptntAuthrty>HU</RlvntCmptntAuthrty><PblctnPrd><FrDtToDt><FrDt>2017-12-22</FrDt><ToDt>2017-12-23</ToDt></FrDtToDt></PblctnPrd></TechAttrbts></TermntdRcrd></FinInstrm>
      </FinInstrmRptgRefDataDltaRpt>
    </Document>
  </Pyld>
</BizData>